{"Mods":[{"Author":"Goonsack","Name":"DIQ Clothing Patches","Folder":"DIQ Clothing Patches","Version":"36451020221448193","Description":"Loot table patches for cosmetic mods, removing clutter from vanilla vendors and adding everything to Withers.","UUID":"0a4b83d3-d7cc-4fd9-a7d9-eef91aff1b78","Created":"2025-06-25T07:48:15.5777775+10:00","Dependencies":[],"Group":"fddf69bc-f972-474e-aa6f-102ddab68a3d"},{"Author":"Goonsack","Name":"DIQ Item Nerf Patches","Folder":"DIQ Item Nerf Patches","Version":"36451020221448192","Description":"Stat overwrites for clothing mods and anything else overpowered, or not purely cosmetic when it should be, will also include reduced gold costs and other trivial adjustments.","UUID":"0e3368f6-7094-4486-abe7-55343345666a","Created":"2025-06-25T07:48:15.5777775+10:00","Dependencies":[],"Group":"fddf69bc-f972-474e-aa6f-102ddab68a3d"}],"MD5":"db3196fc5dd650cfba76c99aa90a4f0d"}